[{ "id": "EstructuradelaBasedeDatosyManual", "parent" : "#", "text": "Estructura de la Base de Datos y Manuales de la aplicación.", "a_attr": {"href": "EstructuradelaBasedeDatosyManual.html"}  },{ "id": "EstructuradelaBasedeDatos", "parent" : "EstructuradelaBasedeDatosyManual", "text": "Estructura de la Base de Datos", "a_attr": {"href": "EstructuradelaBasedeDatos.html"}  },{ "id": "Manualdeusoyreferencia", "parent" : "EstructuradelaBasedeDatosyManual", "text": "Manual de uso y referencia", "a_attr": {"href": "Manualdeusoyreferencia.html"}  },{ "id": "Manualdeinstalacion", "parent" : "EstructuradelaBasedeDatosyManual", "text": "Manual de instalación", "a_attr": {"href": "Manualdeinstalacion.html"}  }]